Workbook
Name C0: '9. Loop Compensation'!$T$15
Name comp_C1: '9. Loop Compensation'!$T$23
Name comp_C2: '9. Loop Compensation'!$T$24
Name comp_R2: '9. Loop Compensation'!$B$8
Name Dconv_max: Calculations!$D$2
Name Dmax_min: '2. Design Parameters'!$B$8
Name Dmax_nom: '2. Design Parameters'!$C$8
Name Fsw_max: '2. Design Parameters'!$D$6
Name Fsw_min: '2. Design Parameters'!$B$6
Name Fsw_nom: '2. Design Parameters'!$C$6
Name gm: '9. Loop Compensation'!$T$18
Name IavgL: '4. Boost Inductor'!$B$3
Name Ioutmax: '2. Design Parameters'!$D$5
Name IPeakL: '4. Boost Inductor'!$E$3
Name Iripple: '4. Boost Inductor'!$B$8
Name IrmsL: '4. Boost Inductor'!$E$2
Name Lo: '4. Boost Inductor'!$B$11
Name R0: '9. Loop Compensation'!$T$16
Name Rlower: '3. Feedback Resistors'!$D$8
Name Rotaesd: '9. Loop Compensation'!$T$17
Name Rout: '9. Loop Compensation'!$T$6
Name Rupper: '3. Feedback Resistors'!$D$7
Name SC_nom: '2. Design Parameters'!$C$7
Name Tsw: Calculations!$C$3
Name vcl_max: '2. Design Parameters'!$D$10
Name vcl_min: '2. Design Parameters'!$B$10
Name vcl_nom: '2. Design Parameters'!$C$10
Name Vdrv_nom: '2. Design Parameters'!$C$9
Name Vf: '7. Diode'!$B$1
Name Vin_max: '2. Design Parameters'!$D$3
Name Vin_min: '2. Design Parameters'!$B$3
Name Vin_nominal: '2. Design Parameters'!$C$3
Name Vout: '2. Design Parameters'!$C$4
Name wp1e: '9. Loop Compensation'!$T$21
Name wp2e: '9. Loop Compensation'!$T$22
Name wz1e: '9. Loop Compensation'!$T$19
Name wz2e: '9. Loop Compensation'!$T$20

Sheet 1. Introduction
A1: NCV898031 Boost Design Tool Revision 5 (23JAN19)
A2: This tool is intended to assist the user when designing with the NCV898031 for continuous conduction mode boost applications.
A3: It is intended to provide first pass values and does not replace simulation and prototyping.
A5: Enter values into the green cells in order by sheet for best results.
A7: Revision 3: Correction & usage clarification to mazimum recommended MOSFET Gate Charge.
A8: Revision 4: Revised Slope compensation information from 34 mV/µs to 68 mV/µs
A9: Revision 5: Correction made in compensation component selection (section 9)
A26: Rev 1 (May 2014): Corrected current sense power loss equation
A27: Rev 2 (12 June 2014): Corrected compensation analysis. 1) s = i*f corrected to s = i*2*pie*f. 2) Improved the OTA model (ref How2power.com Alain Laprade paper)

Sheet 2. Design Parameters
A1: Design Parameters
B2: Min | C2: Nominal | D2: Max | E2: Units
A3: Vin | B3: 8 | C3: 12 | D3: 32 | E3: V
A4: Vout | C4: 11 | E4: V
A5: Iout | D5: 1 | E5: A
A6: Fsw | B6: 1800 | C6: 2000 | D6: 2200 | E6: kHz
A7: Sc | C7: 68 | E7: mV/μs
A8: Dmax | B8: 85 | C8: 88 | D8: 90 | E8: % | F8: =IF(Dconv_max*100>Dmax_min,"Required Dmax is higher than device Dmax","")
A9: Vdrv | C9: 6.3 | E9: V
A10: Device Current Limit | B10: 360 | C10: 400 | D10: 440 | E10: mV

Sheet 3. Feedback Resistors
A1: Which Resistor Would you Like to Select? | F1: 1
A7: =IF(F1=1,"Rupper","Rlower") -> Rupper | B7: 46400 | C7: Ω | D7: =IF(F1=1,B7,B9) -> 46400
A8: =IF(F1=1,"Suggested Rlower","Suggested Rupper") -> Suggested Rlower | B8: =IF(F1=1,B7/(Vout/1.2-1),B7*(Vout/1.2-1)) -> 5681.6327 | C8: Ω | D8: =IF(F1=1,B9,B7) -> 5620
A9: =IF(F1=1,"Rlower used","Rupper used") -> Rlower used | B9: 5620 | C9: Ω
A10: Ideal Vout | B10: =IF(F1=1,1.2*(B7+B9)/B9,1.2*(B7+B9)/B7) -> 11.107473 | C10: V

Sheet 4. Boost Inductor
A2: Assumed Efficiency | B2: 90 | C2: % | D2: Irms | E2: =SQRT(B3^2+B8^2/3) -> 1.5285953
A3: Maximum Average Inductor Current | B3: =Ioutmax*Vout/(Vin_min*B2/100) -> 1.5277778 | C3: A | D3: Ipeak | E3: =B8/2+B3 -> 1.5710678
A4: Desired Peak to Peak Ripple Percentage At Low Vin | B4: 20 | C4: %
A5: Peak to Peak Current Ripple at Low Vin | B5: =B3*B4/100 -> 0.30555556 | C5: A
A6: Minimum Inductor Value | B6: =B2/100*Vin_min^2*(1-Vin_min/Vout)/(B4/100*Fsw_min*1000*(Vout*Ioutmax))*1000000 -> 3.9669421 | C6: μH
A7: Inductor Value Used | B7: 14 | C7: μH
A8: Peak to Peak Current Ripple at Low Vin, Actual Inductor | B8: =Vin_min*(1-Vin_min/Vout)/(Fsw_min*B7/1000) -> 0.086580087 | C8: A | D8: =IF(B8>B5,"Inductor smaller than recommended, ripple is higher than requested","")
A11: Lo | B11: =B7/1000000 -> 1.4e-05

Sheet 6. Output Capacitors
A2: Output Capacitance Used | B2: 290 | C2: μF
A3: ESR at Switching Frequency | B3: 25 | C3: mΩ
A4: Worst Case Input Voltage | B4: =Vin_min -> 8 | C4: V
A5: Output Voltage Ripple | B5: =Ioutmax*Dconv_max/(B2*Fsw_min)+B3*(Ioutmax/(1-Dconv_max)+Iripple/2) -> 35.457252 | C5: mV
A6: Current Ripple Rating Required | B6: =Ioutmax*SQRT(Dconv_max/(1-Dconv_max)+Dconv_max/12*((1-Dconv_max)/(Lo/(Rout*Tsw)))^2) -> 0.6138854 | C6: A
A14: Co | C14: =B2*10^-6 -> 0.00029
A15: Resr | C15: =B3*10^-3 -> 0.025

Sheet 5. Current Sense Resistor
A2: Peak Current | B2: =IPeakL -> 1.5710678 | C2: A
A3: Desired Current Limit | B3: 8 | C3: A
A4: Recommended Current Sense Resistor | B4: =vcl_min/B3 -> 45 | C4: mΩ
A5: Current Sense Resistor Used | B5: 50 | C5: mΩ | D5: Power Loss in Rsense at low vin, max rated current | E5: =Dconv_max*IrmsL^2*B5/1000 -> 0.031862777 | F5: W
A6: Real Peak Current (min) | B6: =vcl_min/B5 -> 7.2 | C6: A
A7: Real Peak Current (max) | B7: =vcl_max/B5 -> 8.8 | C7: A
B11: =B5/1000 -> 0.05

Sheet Input Capacitor
A2: Input Capacitance Used | C2: μF
A3: ESR at Switching Frequency | C3: mΩ
A4: Worst Case Input Voltage | C4: V
A5: Input Voltage Ripple | C5: mV
A6: Input Current Ripple | C6: A

Sheet 7. Diode
A1: Forward Voltage Drop | B1: 0.6 | C1: V
A2: Required Reverse Voltage | B2: =Vout -> 11 | C2: V
A3: Average Current | B3: =Ioutmax -> 1 | C3: A
A4: Peak Current | B4: =IPeakL -> 1.5710678 | C4: A
A5: Power Loss | B5: =B3*Vf -> 0.6 | C5: W

Sheet 8. MOSFET
A1: Qg(tot) at operational MOSFET Vgs (used to verify IC gate drive capability, not for loss analysis). A warning message appears to the right if total gate charge is too high. | B1: 12 | C1: nC | D1: =IF(B1*10^-9*Fsw_max*10^3>35*10^-3,"WARNING: Total Gate Charge is higher than VDRV minimum 35 mA capability at this frequency", "")
A2: RDS,ON | B2: 20.8 | C2: mΩ
A3: Voltage Required | B3: =MAX(Vout+Vf,Vin_max) -> 32 | C3: V
A4: Switch Turn On Time | B4: 35 | C4: ns
A5: Switch Turn Off Time | B5: 35 | C5: ns
A6: Switching Losses | B6: =(B4*10^-9*(IavgL-Iripple/2)+B5*10^-9*(IavgL+Iripple/2))*Fsw_min*10^3*Vin_max -> 6.16 | C6: W | D6: =(B4*10^-9*(IavgL-0.1651/2)+B5*10^-9*(IavgL+0.1651/2))*2000*10^3*Vin_max -> 6.8444444
A7: Conduction Losses | B7: =IrmsL^2*Dconv_max*B2*10^-3 -> 0.013254915 | C7: W | D7: =IrmsL^2*0.255*B2*10^-3 -> 0.012393346
A8: Power Dissipation | B8: =B7+B6 -> 6.1732549 | C8: W | D8: =D7+D6 -> 6.8568378
B12: =24/65 -> 0.36923077
B13: =0.255*0.4^2*(B2/1000) -> 0.00084864
B14: =13.5*0.4*11*10^-9*2*10^6 -> 0.1188

Sheet 9. Loop Compensation
A1: Desired Crossover Frequency | B1: 2000 | C1: Hz | E1: Graph Settings | S1: D' | T1: ='2. Design Parameters'!C3/'2. Design Parameters'!C4 -> 1.0909091 | V1: wn | W1: =PI()/T2 -> 6283185.3 | Z1: f | AA1: s | AB1: g1 | AC1: g2 | AD1: g3 | AE1: g4 | AF1: Vout(s)/Verr(s) | AG1: |Vout(s)/Verr(s)| | AH1: ang | AI1: ° | AJ1: db | AK1: ota1 | AL1: ota2 | AM1: ota3 | AN1: g(s) | AO1: |(g(s)| | AP1: ang | AQ1: ° | AR1: db | AS1: db | AT1: °
A2: Gain At Frequency | B2: =INDEX(AG2:AG202,MATCH(B1,Z2:Z202,1)) -> 3.9827903 | E2: Minimum Frequency | F2: 1 | G2: Hz | S2: Tsw | T2: =1/('2. Design Parameters'!C6*1000) -> 5e-07 | U2: s | V2: Qp | W2: =1/(PI()*(T5*T1-0.5)) -> 0.1370951 | Y2: 0 | Z2: =10^(LOG($F$3/$F$2,10)*Y2/200) -> 1 | AA2: =IMPRODUCT(COMPLEX(0,1),2*PI()*Z2) -> 6,28318530717959i | AB2: =$T$6/'5. Current Sense Resistor'!$B$11 -> 220 | AC2: =1/(2*$T$3+$T$6*$T$2/('4. Boost Inductor'!$B$11*$T$3^2)*($T$5)) -> 0.3286572 | AD2: =IMDIV(IMSUM(1,IMDIV(AA2,$W$3)),IMSUM(1,IMDIV(AA2,$W$5))) -> 0,999917205763414-0,00907600911241358i | AE2: =IMDIV(IMSUM(1,IMDIV(IMPRODUCT(-1,AA2),$W$4)),IMSUM(1,IMDIV(AA2,$W$1*$W$2),IMDIV(IMPOWER(AA2,2),$W$1^2))) -> 0,999999999898781-0,0000140137245624251i | AF2: =IMPRODUCT(AB$2,AC2,AD2,AE2) -> 72,2985885212188-0,657250236980683i | AG2: =IMABS(AF2) -> 72.301576 | AH2: =IMARGUMENT(AF2) -> -0.0090905251 | AI2: =AH2/(PI())*180 -> -0.52084872 | AJ2: =20*LOG(AG2,10) -> 37.182955 | AK2: =-Rlower/(Rlower+Rupper)*gm*R0 -> -388.92734 | AL2: =IMDIV(IMSUM(1,IMDIV(AA2,wz1e)),IMSUM(1,IMDIV(AA2,wp1e))) -> 0,983642738781979-0,125730103679586i | AM2: =IMDIV(IMSUM(1,IMDIV(AA2,wz2e)),IMSUM(1,IMDIV(AA2,wp2e))) -> 0,999999897352454-0,000318826176679428i | AN2: =IMPRODUCT($AK$2,AL2,AM2) -> -382,549919786887+49,0218411259211i | AO2: =IMABS(AN2) -> 385.67808 | AP2: =IMARGUMENT(AN2) -> 3.0141423 | AQ2: =AP2/(PI())*180 -> 172.69763 | AR2: =20*LOG(AO2,10) -> 51.724499 | AS2: =AR2+AJ2 -> 88.907454 | AT2: =AQ2+AI2 -> 172.17678
A3: Zero Location | B3: 500 | C3: Hz | E3: Maximum Frequency | F3: 1000000 | G3: Hz | S3: M | T3: ='2. Design Parameters'!C4/'2. Design Parameters'!C3 -> 0.91666667 | V3: wz1 | W3: =1/('6. Output Capacitors'!C15*'6. Output Capacitors'!C14) -> 137931.03 | Y3: 1 | Z3: =10^(LOG($F$3/$F$2,10)*Y3/200) -> 1.0715193 | AA3: =IMPRODUCT(COMPLEX(0,1),2*PI()*Z3) -> 6,73255435502821i | AC3: =1/(2*$T$3+$T$6*$T$2/('4. Boost Inductor'!$B$11*$T$3^2)*($T$5)) -> 0.3286572 | AD3: =IMDIV(IMSUM(1,IMDIV(AA3,$W$3)),IMSUM(1,IMDIV(AA3,$W$5))) -> 0,9999049406693-0,00972499909036626i | AE3: =IMDIV(IMSUM(1,IMDIV(IMPRODUCT(-1,AA3),$W$4)),IMSUM(1,IMDIV(AA3,$W$1*$W$2),IMDIV(IMPOWER(AA3,2),$W$1^2))) -> 0,999999999883785-0,0000150159764068059i | AF3: =IMPRODUCT(AB$2,AC3,AD3,AE3) -> 72,2977003352668-0,704247635510717i | AG3: =IMABS(AF3) -> 72.30113 | AH3: =IMARGUMENT(AF3) -> -0.009740633 | AI3: =AH3/(PI())*180 -> -0.55809716 | AJ3: =20*LOG(AG3,10) -> 37.182902 | AL3: =IMDIV(IMSUM(1,IMDIV(AA3,wz1e)),IMSUM(1,IMDIV(AA3,wp1e))) -> 0,981265547547767-0,134390846366442i | AM3: =IMDIV(IMSUM(1,IMDIV(AA3,wz2e)),IMSUM(1,IMDIV(AA3,wp2e))) -> 0,999999882144851-0,000341628398080775i | AN3: =IMPRODUCT($AK$2,AL3,AM3) -> -381,623093658206+52,3986470533895i | AO3: =IMABS(AN3) -> 385.20359 | AP3: =IMARGUMENT(AN3) -> 3.0051412 | AQ3: =AP3/(PI())*180 -> 172.18191 | AR3: =20*LOG(AO3,10) -> 51.713806 | AS3: =AR3+AJ3 -> 88.896708 | AT3: =AQ3+AI3 -> 171.62381
A4: Pole Location | B4: 50000 | C4: Hz | E4: =IF(OR(B1<F2,(B1>F3)),"Crossover frequency needs to be on the graph","") | S4: Sn | T4: ='2. Design Parameters'!C3/'4. Boost Inductor'!B11 -> 857142.86 | U4: A/s | V4: wz2 | W4: =T6*T1^2/'4. Boost Inductor'!B11 -> 935064.94 | Y4: 2 | Z4: =10^(LOG($F$3/$F$2,10)*Y4/200) -> 1.1481536 | AA4: =IMPRODUCT(COMPLEX(0,1),2*PI()*Z4) -> 7,21406196497425i | AC4: =1/(2*$T$3+$T$6*$T$2/('4. Boost Inductor'!$B$11*$T$3^2)*($T$5)) -> 0.3286572 | AD4: =IMDIV(IMSUM(1,IMDIV(AA4,$W$3)),IMSUM(1,IMDIV(AA4,$W$5))) -> 0,999890858829991-0,0104203767780693i | AE4: =IMDIV(IMSUM(1,IMDIV(IMPRODUCT(-1,AA4),$W$4)),IMSUM(1,IMDIV(AA4,$W$1*$W$2),IMDIV(IMPOWER(AA4,2),$W$1^2))) -> 0,999999999866567-0,0000160899086067435i | AF4: =IMPRODUCT(AB$2,AC4,AD4,AE4) -> 72,2966805883543-0,754604256470228i | AG4: =IMABS(AF4) -> 72.300619 | AH4: =IMARGUMENT(AF4) -> -0.010437227 | AI4: =AH4/(PI())*180 -> -0.59800905 | AJ4: =20*LOG(AG4,10) -> 37.18284 | AL4: =IMDIV(IMSUM(1,IMDIV(AA4,wz1e)),IMSUM(1,IMDIV(AA4,wp1e))) -> 0,978550548211445-0,143596839468739i | AM4: =IMDIV(IMSUM(1,IMDIV(AA4,wz2e)),IMSUM(1,IMDIV(AA4,wp2e))) -> 0,999999864684186-0,000366061417306556i | AN4: =IMPRODUCT($AK$2,AL4,AM4) -> -380,564561938376+55,9880461292601i | AO4: =IMABS(AN4) -> 384.66095 | AP4: =IMARGUMENT(AN4) -> 2.9955221 | AQ4: =AP4/(PI())*180 -> 171.63077 | AR4: =20*LOG(AO4,10) -> 51.701562 | AS4: =AR4+AJ4 -> 88.884402 | AT4: =AQ4+AI4 -> 171.03276
A5: Suggested RC value | B5: =1/B2*B4/(B4-B3)*((Rlower+Rupper)/(1.2*10^-3*Rlower))*SQRT(1+(B1/B4)^2)/SQRT(1+(B3/B1)^2) -> 1899.3843 | C5: Ω | S5: mc | T5: =1+(T7/T4) -> 2.5866667 | V5: wp1 | W5: =(2/T6+T2/('4. Boost Inductor'!B11*T3^3*(T5)))/'6. Output Capacitors'!C14 -> 688.77073 | Y5: 3 | Z5: =10^(LOG($F$3/$F$2,10)*Y5/200) -> 1.2302688 | AA5: =IMPRODUCT(COMPLEX(0,1),2*PI()*Z5) -> 7,73000666465024i | AC5: =1/(2*$T$3+$T$6*$T$2/('4. Boost Inductor'!$B$11*$T$3^2)*($T$5)) -> 0.3286572 | AD5: =IMDIV(IMSUM(1,IMDIV(AA5,$W$3)),IMSUM(1,IMDIV(AA5,$W$5))) -> 0,999874691206769-0,0111654534378948i | AE5: =IMDIV(IMSUM(1,IMDIV(IMPRODUCT(-1,AA5),$W$4)),IMSUM(1,IMDIV(AA5,$W$1*$W$2),IMDIV(IMPOWER(AA5,2),$W$1^2))) -> 0,999999999846799-0,0000172406476914604i | AF5: =IMPRODUCT(AB$2,AC5,AD5,AE5) -> 72,2955097978419-0,808559888954832i | AG5: =IMABS(AF5) -> 72.300031 | AH5: =IMARGUMENT(AF5) -> -0.011183629 | AI5: =AH5/(PI())*180 -> -0.64077476 | AJ5: =20*LOG(AG5,10) -> 37.18277 | AL5: =IMDIV(IMSUM(1,IMDIV(AA5,wz1e)),IMSUM(1,IMDIV(AA5,wp1e))) -> 0,975452109577361-0,153370862702763i | AM5: =IMDIV(IMSUM(1,IMDIV(AA5,wz2e)),IMSUM(1,IMDIV(AA5,wp2e))) -> 0,999999844636661-0,000392241867605977i | AN5: =IMPRODUCT($AK$2,AL5,AM5) -> -379,356533805871+59,7989204441919i | AO5: =IMABS(AN5) -> 384.04074 | AP5: =IMARGUMENT(AN5) -> 2.9852466 | AQ5: =AP5/(PI())*180 -> 171.04203 | AR5: =20*LOG(AO5,10) -> 51.687546 | AS5: =AR5+AJ5 -> 88.870316 | AT5: =AQ5+AI5 -> 170.40126
A6: Suggested CC1 value | B6: =1/(B5*B3*2*PI())*10^9 -> 167.58583 | C6: nF | S6: Rout | T6: ='2. Design Parameters'!C4/'2. Design Parameters'!D5 -> 11 | U6: Ω | Y6: 4 | Z6: =10^(LOG($F$3/$F$2,10)*Y6/200) -> 1.3182567 | AA6: =IMPRODUCT(COMPLEX(0,1),2*PI()*Z6) -> 8,2828513707881i | AC6: =1/(2*$T$3+$T$6*$T$2/('4. Boost Inductor'!$B$11*$T$3^2)*($T$5)) -> 0.3286572 | AD6: =IMDIV(IMSUM(1,IMDIV(AA6,$W$3)),IMSUM(1,IMDIV(AA6,$W$5))) -> 0,99985612893961-0,0119637756888436i | AE6: =IMDIV(IMSUM(1,IMDIV(IMPRODUCT(-1,AA6),$W$4)),IMSUM(1,IMDIV(AA6,$W$1*$W$2),IMDIV(IMPOWER(AA6,2),$W$1^2))) -> 0,999999999824102-0,0000184736868359859i | AF6: =IMPRODUCT(AB$2,AC6,AD6,AE6) -> 72,2941655973999-0,866371365697614i | AG6: =IMABS(AF6) -> 72.299357 | AH6: =IMARGUMENT(AF6) -> -0.0119834 | AI6: =AH6/(PI())*180 -> -0.68659824 | AJ6: =20*LOG(AG6,10) -> 37.182689 | AL6: =IMDIV(IMSUM(1,IMDIV(AA6,wz1e)),IMSUM(1,IMDIV(AA6,wp1e))) -> 0,971919165972922-0,163733930386067i | AM6: =IMDIV(IMSUM(1,IMDIV(AA6,wz2e)),IMSUM(1,IMDIV(AA6,wp2e))) -> 0,999999821619024-0,00042029472369314i | AN6: =IMPRODUCT($AK$2,AL6,AM6) -> -377,97909962964+63,8394638381427i | AO6: =IMABS(AN6) -> 383.33233 | AP6: =IMARGUMENT(AN6) -> 2.9742749 | AQ6: =AP6/(PI())*180 -> 170.4134 | AR6: =20*LOG(AO6,10) -> 51.671509 | AS6: =AR6+AJ6 -> 88.854198 | AT6: =AQ6+AI6 -> 169.7268
A7: Suggested CC2 value | B7: =1/B2*Rlower*0.0012/(2*PI()*B4*(Rlower+Rupper))*SQRT(1+(B3/B1)^2)/SQRT(1+(B1/B4)^2)*10^9 -> 0.10671543 | C7: nF | S7: sa | T7: ='2. Design Parameters'!C7*1000/'5. Current Sense Resistor'!B11 -> 1360000 | U7: A/s | Y7: 5 | Z7: =10^(LOG($F$3/$F$2,10)*Y7/200) -> 1.4125375 | AA7: =IMPRODUCT(COMPLEX(0,1),2*PI()*Z7) -> 8,87523514621322i | AC7: =1/(2*$T$3+$T$6*$T$2/('4. Boost Inductor'!$B$11*$T$3^2)*($T$5)) -> 0.3286572 | AD7: =IMDIV(IMSUM(1,IMDIV(AA7,$W$3)),IMSUM(1,IMDIV(AA7,$W$5))) -> 0,999834817459524-0,0128191420025808i | AE7: =IMDIV(IMSUM(1,IMDIV(IMPRODUCT(-1,AA7),$W$4)),IMSUM(1,IMDIV(AA7,$W$1*$W$2),IMDIV(IMPOWER(AA7,2),$W$1^2))) -> 0,999999999798041-0,0000197949120834093i | AF7: =IMPRODUCT(AB$2,AC7,AD7,AE7) -> 72,2926223106502-0,928313757649827i | AG7: =IMABS(AF7) -> 72.298582 | AH7: =IMARGUMENT(AF7) -> -0.012840352 | AI7: =AH7/(PI())*180 -> -0.73569799 | AJ7: =20*LOG(AG7,10) -> 37.182596 | AL7: =IMDIV(IMSUM(1,IMDIV(AA7,wz1e)),IMSUM(1,IMDIV(AA7,wp1e))) -> 0,967894795334388-0,17470451435804i | AM7: =IMDIV(IMSUM(1,IMDIV(AA7,wz2e)),IMSUM(1,IMDIV(AA7,wp2e))) -> 0,999999795191242-0,000450353898308066i | AN7: =IMPRODUCT($AK$2,AL7,AM7) -> -376,410066471961+68,1168789338727i | AO7: =IMABS(AN7) -> 382.52379 | AP7: =IMARGUMENT(AN7) -> 2.9625656 | AQ7: =AP7/(PI())*180 -> 169.7425 | AR7: =20*LOG(AO7,10) -> 51.653169 | AS7: =AR7+AJ7 -> 88.835765 | AT7: =AQ7+AI7 -> 169.00681
A8: R value used | B8: 52000 | C8: Ω | Y8: 6 | Z8: =10^(LOG($F$3/$F$2,10)*Y8/200) -> 1.5135612 | AA8: =IMPRODUCT(COMPLEX(0,1),2*PI()*Z8) -> 9,50998579769077i | AC8: =1/(2*$T$3+$T$6*$T$2/('4. Boost Inductor'!$B$11*$T$3^2)*($T$5)) -> 0.3286572 | AD8: =IMDIV(IMSUM(1,IMDIV(AA8,$W$3)),IMSUM(1,IMDIV(AA8,$W$5))) -> 0,999810349732432-0,0137356203018829i | AE8: =IMDIV(IMSUM(1,IMDIV(IMPRODUCT(-1,AA8),$W$4)),IMSUM(1,IMDIV(AA8,$W$1*$W$2),IMDIV(IMPOWER(AA8,2),$W$1^2))) -> 0,999999999768121-0,0000212106304425302i | AF8: =IMPRODUCT(AB$2,AC8,AD8,AE8) -> 72,290850461916-0,994681648394127i | AG8: =IMABS(AF8) -> 72.297693 | AH8: =IMARGUMENT(AF8) -> -0.013758572 | AI8: =AH8/(PI())*180 -> -0.78830812 | AJ8: =20*LOG(AG8,10) -> 37.182489 | AL8: =IMDIV(IMSUM(1,IMDIV(AA8,wz1e)),IMSUM(1,IMDIV(AA8,wp1e))) -> 0,963315838302137-0,186297610061152i | AM8: =IMDIV(IMSUM(1,IMDIV(AA8,wz2e)),IMSUM(1,IMDIV(AA8,wp2e))) -> 0,99999976484809-0,00048256288143995i | AN8: =IMPRODUCT($AK$2,AL8,AM8) -> -374,624809580183+72,6370130217332i | AO8: =IMABS(AN8) -> 381.60173 | AP8: =IMARGUMENT(AN8) -> 2.9500763 | AQ8: =AP8/(PI())*180 -> 169.02692 | AR8: =20*LOG(AO8,10) -> 51.632207 | AS8: =AR8+AJ8 -> 88.814696 | AT8: =AQ8+AI8 -> 168.23862
A9: C1 value used | B9: 6.8 | C9: nF | Y9: 7 | Z9: =10^(LOG($F$3/$F$2,10)*Y9/200) -> 1.6218101 | AA9: =IMPRODUCT(COMPLEX(0,1),2*PI()*Z9) -> 10,1901333747611i | AC9: =1/(2*$T$3+$T$6*$T$2/('4. Boost Inductor'!$B$11*$T$3^2)*($T$5)) -> 0.3286572 | AD9: =IMDIV(IMSUM(1,IMDIV(AA9,$W$3)),IMSUM(1,IMDIV(AA9,$W$5))) -> 0,999782258507142-0,0147175667225686i | AE9: =IMDIV(IMSUM(1,IMDIV(IMPRODUCT(-1,AA9),$W$4)),IMSUM(1,IMDIV(AA9,$W$1*$W$2),IMDIV(IMPOWER(AA9,2),$W$1^2))) -> 0,999999999733767-0,0000227275999950328i | AF9: =IMPRODUCT(AB$2,AC9,AD9,AE9) -> 72,288816214853-1,06579049281295i | AG9: =IMABS(AF9) -> 72.296673 | AH9: =IMARGUMENT(AF9) -> -0.014742436 | AI9: =AH9/(PI())*180 -> -0.84467939 | AJ9: =20*LOG(AG9,10) -> 37.182366 | AL9: =IMDIV(IMSUM(1,IMDIV(AA9,wz1e)),IMSUM(1,IMDIV(AA9,wp1e))) -> 0,958112588878941-0,198523628232528i | AM9: =IMDIV(IMSUM(1,IMDIV(AA9,wz2e)),IMSUM(1,IMDIV(AA9,wp2e))) -> 0,999999730009492-0,000517075425263046i | AN9: =IMPRODUCT($AK$2,AL9,AM9) -> -372,596151779638+77,4039259531806i | AO9: =IMABS(AN9) -> 380.55126 | AP9: =IMARGUMENT(AN9) -> 2.9367639 | AQ9: =AP9/(PI())*180 -> 168.26418 | AR9: =20*LOG(AO9,10) -> 51.608263 | AS9: =AR9+AJ9 -> 88.790629 | AT9: =AQ9+AI9 -> 167.4195
A10: C2 value used | B10: 1 | C10: nF | Y10: 8 | Z10: =10^(LOG($F$3/$F$2,10)*Y10/200) -> 1.7378008 | AA10: =IMPRODUCT(COMPLEX(0,1),2*PI()*Z10) -> 10,9189246340026i | AC10: =1/(2*$T$3+$T$6*$T$2/('4. Boost Inductor'!$B$11*$T$3^2)*($T$5)) -> 0.3286572 | AD10: =IMDIV(IMSUM(1,IMDIV(AA10,$W$3)),IMSUM(1,IMDIV(AA10,$W$5))) -> 0,999750007421456-0,0157696456002828i | AE10: =IMDIV(IMSUM(1,IMDIV(IMPRODUCT(-1,AA10),$W$4)),IMSUM(1,IMDIV(AA10,$W$1*$W$2),IMDIV(IMPOWER(AA10,2),$W$1^2))) -> 0,999999999694324-0,0000243530621559053i | AF10: =IMPRODUCT(AB$2,AC10,AD10,AE10) -> 72,2864807283922-1,14197806445621i | AG10: =IMABS(AF10) -> 72.295501 | AH10: =IMARGUMENT(AF10) -> -0.015796634 | AI10: =AH10/(PI())*180 -> -0.90508046 | AJ10: =20*LOG(AG10,10) -> 37.182225 | AL10: =IMDIV(IMSUM(1,IMDIV(AA10,wz1e)),IMSUM(1,IMDIV(AA10,wp1e))) -> 0,95220859584567-0,211387097265153i | AM10: =IMDIV(IMSUM(1,IMDIV(AA10,wz2e)),IMSUM(1,IMDIV(AA10,wp2e))) -> 0,999999690009433-0,000554056278053551i | AN10: =IMPRODUCT($AK$2,AL10,AM10) -> -370,294286048973+82,4193842179119i | AO10: =IMABS(AN10) -> 379.35579 | AP10: =IMARGUMENT(AN10) -> 2.9225846 | AQ10: =AP10/(PI())*180 -> 167.45177 | AR10: =20*LOG(AO10,10) -> 51.580934 | AS10: =AR10+AJ10 -> 88.76316 | AT10: =AQ10+AI10 -> 166.54668
Y11: 9 | Z11: =10^(LOG($F$3/$F$2,10)*Y11/200) -> 1.8620871 | AA11: =IMPRODUCT(COMPLEX(0,1),2*PI()*Z11) -> 11,6998385377682i | AC11: =1/(2*$T$3+$T$6*$T$2/('4. Boost Inductor'!$B$11*$T$3^2)*($T$5)) -> 0.3286572 | AD11: =IMDIV(IMSUM(1,IMDIV(AA11,$W$3)),IMSUM(1,IMDIV(AA11,$W$5))) -> 0,999712980799366-0,0168968507428894i | AE11: =IMDIV(IMSUM(1,IMDIV(IMPRODUCT(-1,AA11),$W$4)),IMSUM(1,IMDIV(AA11,$W$1*$W$2),IMDIV(IMPOWER(AA11,2),$W$1^2))) -> 0,999999999649036-0,0000260947762411003i | AF11: =IMPRODUCT(AB$2,AC11,AD11,AE11) -> 72,2837994178953-1,22360599600802i | AG11: =IMABS(AF11) -> 72.294155 | AH11: =IMARGUMENT(AF11) -> -0.016926187 | AI11: =AH11/(PI())*180 -> -0.96979911 | AJ11: =20*LOG(AG11,10) -> 37.182064 | AL11: =IMDIV(IMSUM(1,IMDIV(AA11,wz1e)),IMSUM(1,IMDIV(AA11,wp1e))) -> 0,945520623905159-0,224885166304492i | AM11: =IMDIV(IMSUM(1,IMDIV(AA11,wz2e)),IMSUM(1,IMDIV(AA11,wp2e))) -> 0,999999644083224-0,000593681970589367i | AN11: =IMPRODUCT($AK$2,AL11,AM11) -> -367,686760370739+87,6822773314621i | AO11: =IMABS(AN11) -> 377.997 | AP11: =IMARGUMENT(AN11) -> 2.9074948 | AQ11: =AP11/(PI())*180 -> 166.58718 | AR11: =20*LOG(AO11,10) -> 51.549767 | AS11: =AR11+AJ11 -> 88.731831 | AT11: =AQ11+AI11 -> 165.61738
A12: R | B12: =B8 -> 52000 | C12: Ω | Y12: 10 | Z12: =10^(LOG($F$3/$F$2,10)*Y12/200) -> 1.9952623 | AA12: =IMPRODUCT(COMPLEX(0,1),2*PI()*Z12) -> 12,5366028613816i | AC12: =1/(2*$T$3+$T$6*$T$2/('4. Boost Inductor'!$B$11*$T$3^2)*($T$5)) -> 0.3286572 | AD12: =IMDIV(IMSUM(1,IMDIV(AA12,$W$3)),IMSUM(1,IMDIV(AA12,$W$5))) -> 0,999670471948176-0,0181045280474276i | AE12: =IMDIV(IMSUM(1,IMDIV(IMPRODUCT(-1,AA12),$W$4)),IMSUM(1,IMDIV(AA12,$W$1*$W$2),IMDIV(IMPOWER(AA12,2),$W$1^2))) -> 0,99999999959704-0,0000279610565074524i | AF12: =IMPRODUCT(AB$2,AC12,AD12,AE12) -> 72,2807211076832-1,31106141712171i | AG12: =IMABS(AF12) -> 72.29261 | AH12: =IMARGUMENT(AF12) -> -0.018136477 | AI12: =AH12/(PI())*180 -> -1.0391436 | AJ12: =20*LOG(AG12,10) -> 37.181878 | AL12: =IMDIV(IMSUM(1,IMDIV(AA12,wz1e)),IMSUM(1,IMDIV(AA12,wp1e))) -> 0,937958834076422-0,239005907357875i | AM12: =IMDIV(IMSUM(1,IMDIV(AA12,wz2e)),IMSUM(1,IMDIV(AA12,wp2e))) -> 0,999999591352887-0,000636141658784898i | AN12: =IMPRODUCT($AK$2,AL12,AM12) -> -364,738548063912+93,1879558616532i | AO12: =IMABS(AN12) -> 376.45478 | AP12: =IMARGUMENT(AN12) -> 2.8914513 | AQ12: =AP12/(PI())*180 -> 165.66796 | AR12: =20*LOG(AO12,10) -> 51.514256 | AS12: =AR12+AJ12 -> 88.696135 | AT12: =AQ12+AI12 -> 164.62881
A13: C1 | B13: =B9 -> 6.8 | C13: nF | Y13: 11 | Z13: =10^(LOG($F$3/$F$2,10)*Y13/200) -> 2.1379621 | AA13: =IMPRODUCT(COMPLEX(0,1),2*PI()*Z13) -> 13,4332119880674i | AC13: =1/(2*$T$3+$T$6*$T$2/('4. Boost Inductor'!$B$11*$T$3^2)*($T$5)) -> 0.3286572 | AD13: =IMDIV(IMSUM(1,IMDIV(AA13,$W$3)),IMSUM(1,IMDIV(AA13,$W$5))) -> 0,999621669736987-0,0193983995172648i | AE13: =IMDIV(IMSUM(1,IMDIV(IMPRODUCT(-1,AA13),$W$4)),IMSUM(1,IMDIV(AA13,$W$1*$W$2),IMDIV(IMPOWER(AA13,2),$W$1^2))) -> 0,99999999953734-0,0000299608118416615i | AF13: =IMPRODUCT(AB$2,AC13,AD13,AE13) -> 72,2771870591057-1,40475869365198i | AG13: =IMABS(AF13) -> 72.290837 | AH13: =IMARGUMENT(AF13) -> -0.019433267 | AI13: =AH13/(PI())*180 -> -1.1134442 | AJ13: =20*LOG(AG13,10) -> 37.181665 | AL13: =IMDIV(IMSUM(1,IMDIV(AA13,wz1e)),IMSUM(1,IMDIV(AA13,wp1e))) -> 0,929427253507839-0,253726427004689i | AM13: =IMDIV(IMSUM(1,IMDIV(AA13,wz2e)),IMSUM(1,IMDIV(AA13,wp2e))) -> 0,999999530810366-0,00068163802658086i | AN13: =IMPRODUCT($AK$2,AL13,AM13) -> -361,412230955887+98,9274952220137i | AO13: =IMABS(AN13) -> 374.70715 | AP13: =IMARGUMENT(AN13) -> 2.8744124 | AQ13: =AP13/(PI())*180 -> 164.6917 | AR13: =20*LOG(AO13,10) -> 51.47384 | AS13: =AR13+AJ13 -> 88.655505 | AT13: =AQ13+AI13 -> 163.57825
A14: C2 | B14: =B10 -> 1 | C14: nF | S14: OTA Parameters | Y14: 12 | Z14: =10^(LOG($F$3/$F$2,10)*Y14/200) -> 2.2908677 | AA14: =IMPRODUCT(COMPLEX(0,1),2*PI()*Z14) -> 14,3939459765635i | AC14: =1/(2*$T$3+$T$6*$T$2/('4. Boost Inductor'!$B$11*$T$3^2)*($T$5)) -> 0.3286572 | AD14: =IMDIV(IMSUM(1,IMDIV(AA14,$W$3)),IMSUM(1,IMDIV(AA14,$W$5))) -> 0,999565643206716-0,020784588729797i | AE14: =IMDIV(IMSUM(1,IMDIV(IMPRODUCT(-1,AA14),$W$4)),IMSUM(1,IMDIV(AA14,$W$1*$W$2),IMDIV(IMPOWER(AA14,2),$W$1^2))) -> 0,999999999468795-0,0000321035882878082i | AF14: =IMPRODUCT(AB$2,AC14,AD14,AE14) -> 72,2731298560654-1,50514127193036i | AG14: =IMABS(AF14) -> 72.288801 | AH14: =IMARGUMENT(AF14) -> -0.020822728 | AI14: =AH14/(PI())*180 -> -1.1930544 | AJ14: =20*LOG(AG14,10) -> 37.18142 | AL14: =IMDIV(IMSUM(1,IMDIV(AA14,wz1e)),IMSUM(1,IMDIV(AA14,wp1e))) -> 0,919824614508208-0,269010815602969i | AM14: =IMDIV(IMSUM(1,IMDIV(AA14,wz2e)),IMSUM(1,IMDIV(AA14,wp2e))) -> 0,99999946129826-0,000730388253396436i | AN14: =IMPRODUCT($AK$2,AL14,AM14) -> -357,668326506174+104,886896108206i | AO14: =IMABS(AN14) -> 372.73032 | AP14: =IMARGUMENT(AN14) -> 2.8563383 | AQ14: =AP14/(PI())*180 -> 163.65613 | AR14: =20*LOG(AO14,10) -> 51.427894 | AS14: =AR14+AJ14 -> 88.609315 | AT14: =AQ14+AI14 -> 162.46307
S15: C0 | T15: =1*10^-12 -> 1e-12 | U15: F | Y15: 13 | Z15: =10^(LOG($F$3/$F$2,10)*Y15/200) -> 2.4547089 | AA15: =IMPRODUCT(COMPLEX(0,1),2*PI()*Z15) -> 15,4233909924349i | AC15: =1/(2*$T$3+$T$6*$T$2/('4. Boost Inductor'!$B$11*$T$3^2)*($T$5)) -> 0.3286572 | AD15: =IMDIV(IMSUM(1,IMDIV(AA15,$W$3)),IMSUM(1,IMDIV(AA15,$W$5))) -> 0,99950132392639-0,0222696477972945i | AE15: =IMDIV(IMSUM(1,IMDIV(IMPRODUCT(-1,AA15),$W$4)),IMSUM(1,IMDIV(AA15,$W$1*$W$2),IMDIV(IMPOWER(AA15,2),$W$1^2))) -> 0,999999999390096-0,000034399614616404i | AF15: =IMPRODUCT(AB$2,AC15,AD15,AE15) -> 72,2684721273354-1,61268363116883i | AG15: =IMABS(AF15) -> 72.286464 | AH15: =IMARGUMENT(AF15) -> -0.022311472 | AI15: =AH15/(PI())*180 -> -1.2783532 | AJ15: =20*LOG(AG15,10) -> 37.18114 | AL15: =IMDIV(IMSUM(1,IMDIV(AA15,wz1e)),IMSUM(1,IMDIV(AA15,wp1e))) -> 0,909045649557995-0,284807984943689i | AM15: =IMDIV(IMSUM(1,IMDIV(AA15,wz2e)),IMSUM(1,IMDIV(AA15,wp2e))) -> 0,999999381487697-0,000782625050758386i | AN15: =IMPRODUCT($AK$2,AL15,AM15) -> -353,465792708916+111,046241442525i | AO15: =IMABS(AN15) -> 370.49876 | AP15: =IMARGUMENT(AN15) -> 2.8371925 | AQ15: =AP15/(PI())*180 -> 162.55916 | AR15: =20*LOG(AO15,10) -> 51.375735 | AS15: =AR15+AJ15 -> 88.556875 | AT15: =AQ15+AI15 -> 161.2808
S16: R0 | T16: =3*10^6 -> 3000000 | U16: Ω | Y16: 14 | Z16: =10^(LOG($F$3/$F$2,10)*Y16/200) -> 2.630268 | AA16: =IMPRODUCT(COMPLEX(0,1),2*PI()*Z16) -> 16,5264612006218i | AC16: =1/(2*$T$3+$T$6*$T$2/('4. Boost Inductor'!$B$11*$T$3^2)*($T$5)) -> 0.3286572 | AD16: =IMDIV(IMSUM(1,IMDIV(AA16,$W$3)),IMSUM(1,IMDIV(AA16,$W$5))) -> 0,999427485770141-0,0238605858526082i | AE16: =IMDIV(IMSUM(1,IMDIV(IMPRODUCT(-1,AA16),$W$4)),IMSUM(1,IMDIV(AA16,$W$1*$W$2),IMDIV(IMPOWER(AA16,2),$W$1^2))) -> 0,999999999299735-0,0000368598511525097i | AF16: =IMPRODUCT(AB$2,AC16,AD16,AE16) -> 72,2631250820949-1,72789334628835i | AG16: =IMABS(AF16) -> 72.28378 | AH16: =IMARGUMENT(AF16) -> -0.02390658 | AI16: =AH16/(PI())*180 -> -1.3697461 | AJ16: =20*LOG(AG16,10) -> 37.180817 | AL16: =IMDIV(IMSUM(1,IMDIV(AA16,wz1e)),IMSUM(1,IMDIV(AA16,wp1e))) -> 0,896982931088916-0,301049474485177i | AM16: =IMDIV(IMSUM(1,IMDIV(AA16,wz2e)),IMSUM(1,IMDIV(AA16,wp2e))) -> 0,999999289852925-0,00083859777305139i | AN16: =IMPRODUCT($AK$2,AL16,AM16) -> -348,762745391204+117,378841068753i | AO16: =IMABS(AN16) -> 367.98539 | AP16: =IMARGUMENT(AN16) -> 2.8169428 | AQ16: =AP16/(PI())*180 -> 161.39894 | AR16: =20*LOG(AO16,10) -> 51.316611 | AS16: =AR16+AJ16 -> 88.497429 | AT16: =AQ16+AI16 -> 160.02919
S17: Rotaesd | T17: 502 | U17: Ω | Y17: 15 | Z17: =10^(LOG($F$3/$F$2,10)*Y17/200) -> 2.8183829 | AA17: =IMPRODUCT(COMPLEX(0,1),2*PI()*Z17) -> 17,7084222237266i | AC17: =1/(2*$T$3+$T$6*$T$2/('4. Boost Inductor'!$B$11*$T$3^2)*($T$5)) -> 0.3286572 | AD17: =IMDIV(IMSUM(1,IMDIV(AA17,$W$3)),IMSUM(1,IMDIV(AA17,$W$5))) -> 0,999342721743799-0,0255648990766452i | AE17: =IMDIV(IMSUM(1,IMDIV(IMPRODUCT(-1,AA17),$W$4)),IMSUM(1,IMDIV(AA17,$W$1*$W$2),IMDIV(IMPOWER(AA17,2),$W$1^2))) -> 0,999999999195989-0,0000394960420960068i | AF17: =IMPRODUCT(AB$2,AC17,AD17,AE17) -> 72,2569868318104-1,85131326239686i | AG17: =IMABS(AF17) -> 72.280699 | AH17: =IMARGUMENT(AF17) -> -0.025615631 | AI17: =AH17/(PI())*180 -> -1.4676676 | AJ17: =20*LOG(AG17,10) -> 37.180447 | AL17: =IMDIV(IMSUM(1,IMDIV(AA17,wz1e)),IMSUM(1,IMDIV(AA17,wp1e))) -> 0,883529339009563-0,317647341285172i | AM17: =IMDIV(IMSUM(1,IMDIV(AA17,wz2e)),IMSUM(1,IMDIV(AA17,wp2e))) -> 0,99999918464215-0,000898573607686495i | AN17: =IMPRODUCT($AK$2,AL17,AM17) -> -343,517420258787+123,850409079743i | AO17: =IMABS(AN17) -> 365.1618 | AP17: =IMARGUMENT(AN17) -> 2.7955626 | AQ17: =AP17/(PI())*180 -> 160.17394 | AR17: =20*LOG(AO17,10) -> 51.249707 | AS17: =AR17+AJ17 -> 88.430154 | AT17: =AQ17+AI17 -> 158.70627
S18: gm | T18: 0.0012 | Y18: 16 | Z18: =10^(LOG($F$3/$F$2,10)*Y18/200) -> 3.0199517 | AA18: =IMPRODUCT(COMPLEX(0,1),2*PI()*Z18) -> 18,9749162780217i | AC18: =1/(2*$T$3+$T$6*$T$2/('4. Boost Inductor'!$B$11*$T$3^2)*($T$5)) -> 0.3286572 | AD18: =IMDIV(IMSUM(1,IMDIV(AA18,$W$3)),IMSUM(1,IMDIV(AA18,$W$5))) -> 0,999245417438439-0,0273906022648187i | AE18: =IMDIV(IMSUM(1,IMDIV(IMPRODUCT(-1,AA18),$W$4)),IMSUM(1,IMDIV(AA18,$W$1*$W$2),IMDIV(IMPOWER(AA18,2),$W$1^2))) -> 0,999999999076872-0,0000423207715837743i | AF18: =IMPRODUCT(AB$2,AC18,AD18,AE18) -> 72,2499404678534-1,98352378071433i | AG18: =IMABS(AF18) -> 72.277163 | AH18: =IMARGUMENT(AF18) -> -0.027446745 | AI18: =AH18/(PI())*180 -> -1.5725826 | AJ18: =20*LOG(AG18,10) -> 37.180022 | AL18: =IMDIV(IMSUM(1,IMDIV(AA18,wz1e)),IMSUM(1,IMDIV(AA18,wp1e))) -> 0,868581221908033-0,334492288112791i | AM18: =IMDIV(IMSUM(1,IMDIV(AA18,wz2e)),IMSUM(1,IMDIV(AA18,wp2e))) -> 0,999999063844046-0,000962838850362623i | AN18: =IMPRODUCT($AK$2,AL18,AM18) -> -337,689405394498+130,418334007749i | AO18: =IMABS(AN18) -> 361.99872 | AP18: =IMARGUMENT(AN18) -> 2.7730322 | AQ18: =AP18/(PI())*180 -> 158.88304 | AR18: =20*LOG(AO18,10) -> 51.174141 | AS18: =AR18+AJ18 -> 88.354163 | AT18: =AQ18+AI18 -> 157.31046
S19: wz1e | T19: =0.5*(comp_R2+Rotaesd)/(comp_R2*Rotaesd*comp_C2)*(1-(1-4*comp_R2*Rotaesd*comp_C2/((comp_R2+Rotaesd)^2*comp_C1))^0.5) -> 2804.9255 | Y19: 17 | Z19: =10^(LOG($F$3/$F$2,10)*Y19/200) -> 3.2359366 | AA19: =IMPRODUCT(COMPLEX(0,1),2*PI()*Z19) -> 20,3319891071675i | AC19: =1/(2*$T$3+$T$6*$T$2/('4. Boost Inductor'!$B$11*$T$3^2)*($T$5)) -> 0.3286572 | AD19: =IMDIV(IMSUM(1,IMDIV(AA19,$W$3)),IMSUM(1,IMDIV(AA19,$W$5))) -> 0,999133720630212-0,0293462619038667i | AE19: =IMDIV(IMSUM(1,IMDIV(IMPRODUCT(-1,AA19),$W$4)),IMSUM(1,IMDIV(AA19,$W$1*$W$2),IMDIV(IMPOWER(AA19,2),$W$1^2))) -> 0,999999998940107-0,0000453475237613981i | AF19: =IMPRODUCT(AB$2,AC19,AD19,AE19) -> 72,2418518600503-2,12514525387356i | AG19: =IMABS(AF19) -> 72.273103 | AH19: =IMARGUMENT(AF19) -> -0.029408612 | AI19: =AH19/(PI())*180 -> -1.6849893 | AJ19: =20*LOG(AG19,10) -> 37.179534 | AL19: =IMDIV(IMSUM(1,IMDIV(AA19,wz1e)),IMSUM(1,IMDIV(AA19,wp1e))) -> 0,852042286013057-0,351452224988759i | AM19: =IMDIV(IMSUM(1,IMDIV(AA19,wz2e)),IMSUM(1,IMDIV(AA19,wp2e))) -> 0,999998925149302-0,00103170027150073i | AN19: =IMPRODUCT($AK$2,AL19,AM19) -> -331,241157497194+137,031118001522i | AO19: =IMABS(AN19) -> 358.4665 | AP19: =IMARGUMENT(AN19) -> 2.7493406 | AQ19: =AP19/(PI())*180 -> 157.52561 | AR19: =20*LOG(AO19,10) -> 51.088972 | AS19: =AR19+AJ19 -> 88.268506 | AT19: =AQ19+AI19 -> 155.84063
S20: wz2e | T20: =0.5*(comp_R2+Rotaesd)/(comp_R2*Rotaesd*comp_C2)*(1+(1-4*comp_R2*Rotaesd*comp_C2/((comp_R2+Rotaesd)^2*comp_C1))^0.5) -> 2008457.7 | Y20: 18 | Z20: =10^(LOG($F$3/$F$2,10)*Y20/200) -> 3.4673685 | AA20: =IMPRODUCT(COMPLEX(0,1),2*PI()*Z20) -> 21,7861188422107i | AC20: =1/(2*$T$3+$T$6*$T$2/('4. Boost Inductor'!$B$11*$T$3^2)*($T$5)) -> 0.3286572 | AD20: =IMDIV(IMSUM(1,IMDIV(AA20,$W$3)),IMSUM(1,IMDIV(AA20,$W$5))) -> 0,99900550648062-0,0314410306970578i | AE20: =IMDIV(IMSUM(1,IMDIV(IMPRODUCT(-1,AA20),$W$4)),IMSUM(1,IMDIV(AA20,$W$1*$W$2),IMDIV(IMPOWER(AA20,2),$W$1^2))) -> 0,99999999878308-0,0000485907471511631i | AF20: =IMPRODUCT(AB$2,AC20,AD20,AE20) -> 72,2325671366342-2,27684048610832i | AG20: =IMABS(AF20) -> 72.268442 | AH20: =IMARGUMENT(AF20) -> -0.031510535 | AI20: =AH20/(PI())*180 -> -1.8054207 | AJ20: =20*LOG(AG20,10) -> 37.178974 | AL20: =IMDIV(IMSUM(1,IMDIV(AA20,wz1e)),IMSUM(1,IMDIV(AA20,wp1e))) -> 0,833828196226962-0,368371496638639i | AM20: =IMDIV(IMSUM(1,IMDIV(AA20,wz2e)),IMSUM(1,IMDIV(AA20,wp2e))) -> 0,999998765906477-0,00110548658036356i | AN20: =IMPRODUCT($AK$2,AL20,AM20) -> -324,139795745247+143,628075632i | AO20: =IMABS(AN20) -> 354.5358 | AP20: =IMARGUMENT(AN20) -> 2.7244871 | AQ20: =AP20/(PI())*180 -> 156.10161 | AR20: =20*LOG(AO20,10) -> 50.993202 | AS20: =AR20+AJ20 -> 88.172176 | AT20: =AQ20+AI20 -> 154.29619
S21: wp1e | T21: =0.5*(R0+comp_R2+Rotaesd)/(comp_R2*(R0+Rotaesd)*comp_C2)*(1-(1-4*comp_R2*(R0++Rotaesd)*comp_C2/((R0+comp_R2+Rotaesd)^2*comp_C1))^0.5) -> 48.29571 | Y21: 19 | Z21: =10^(LOG($F$3/$F$2,10)*Y21/200) -> 3.7153523 | AA21: =IMPRODUCT(COMPLEX(0,1),2*PI()*Z21) -> 23,3442469256296i | AC21: =1/(2*$T$3+$T$6*$T$2/('4. Boost Inductor'!$B$11*$T$3^2)*($T$5)) -> 0.3286572 | AD21: =IMDIV(IMSUM(1,IMDIV(AA21,$W$3)),IMSUM(1,IMDIV(AA21,$W$5))) -> 0,998858337718383-0,0336846834330673i | AE21: =IMDIV(IMSUM(1,IMDIV(IMPRODUCT(-1,AA21),$W$4)),IMSUM(1,IMDIV(AA21,$W$1*$W$2),IMDIV(IMPOWER(AA21,2),$W$1^2))) -> 0,999999998602789-0,0000520659236235974i | AF21: =IMPRODUCT(AB$2,AC21,AD21,AE21) -> 72,2219098007846-2,43931733074574i | AG21: =IMABS(AF21) -> 72.263092 | AH21: =IMARGUMENT(AF21) -> -0.033762475 | AI21: =AH21/(PI())*180 -> -1.9344473 | AJ21: =20*LOG(AG21,10) -> 37.178331 | AL21: =IMDIV(IMSUM(1,IMDIV(AA21,wz1e)),IMSUM(1,IMDIV(AA21,wp1e))) -> 0,813871804130816-0,385071034968336i | AM21: =IMDIV(IMSUM(1,IMDIV(AA21,wz2e)),IMSUM(1,IMDIV(AA21,wp2e))) -> 0,999998583071314-0,00118454999383787i | AN21: =IMPRODUCT($AK$2,AL21,AM21) -> -316,359140105682+150,139393348912i | AO21: =IMABS(AN21) -> 350.17844 | AP21: =IMARGUMENT(AN21) -> 2.6984827 | AQ21: =AP21/(PI())*180 -> 154.61167 | AR21: =20*LOG(AO21,10) -> 50.885788 | AS21: =AR21+AJ21 -> 88.064119 | AT21: =AQ21+AI21 -> 152.67722
S22: wp2e | T22: =0.5*(R0+comp_R2+Rotaesd)/(comp_R2*(R0+Rotaesd)*comp_C2)*(1+(1-4*comp_R2*(R0++Rotaesd)*comp_C2/((R0+comp_R2+Rotaesd)^2*comp_C1))^0.5) -> 19515.751 | Y22: 20 | Z22: =10^(LOG($F$3/$F$2,10)*Y22/200) -> 3.9810717 | AA22: =IMPRODUCT(COMPLEX(0,1),2*PI()*Z22) -> 25,0138112470457i | AC22: =1/(2*$T$3+$T$6*$T$2/('4. Boost Inductor'!$B$11*$T$3^2)*($T$5)) -> 0.3286572 | AD22: =IMDIV(IMSUM(1,IMDIV(AA22,$W$3)),IMSUM(1,IMDIV(AA22,$W$5))) -> 0,998689419102826-0,036087654039553i | AE22: =IMDIV(IMSUM(1,IMDIV(IMPRODUCT(-1,AA22),$W$4)),IMSUM(1,IMDIV(AA22,$W$1*$W$2),IMDIV(IMPOWER(AA22,2),$W$1^2))) -> 0,999999998395787-0,0000557896423018143i | AF22: =IMPRODUCT(AB$2,AC22,AD22,AE22) -> 72,2096774330601-2,61333137349116i | AG22: =IMABS(AF22) -> 72.256951 | AH22: =IMARGUMENT(AF22) -> -0.036175086 | AI22: =AH22/(PI())*180 -> -2.0726798 | AJ22: =20*LOG(AG22,10) -> 37.177593 | AL22: =IMDIV(IMSUM(1,IMDIV(AA22,wz1e)),IMSUM(1,IMDIV(AA22,wp1e))) -> 0,792128829695333-0,401349702671066i | AM22: =IMDIV(IMSUM(1,IMDIV(AA22,wz2e)),IMSUM(1,IMDIV(AA22,wp2e))) -> 0,999998373148542-0,00126926791735325i | AN22: =IMPRODUCT($AK$2,AL22,AM22) -> -307,881926535364+156,486653339722i | AO22: =IMABS(AN22) -> 345.36843 | AP22: =IMARGUMENT(AN22) -> 2.6713522 | AQ22: =AP22/(PI())*180 -> 153.05721 | AR22: =20*LOG(AO22,10) -> 50.765653 | AS22: =AR22+AJ22 -> 87.943245 | AT22: =AQ22+AI22 -> 150.98453
S23: comp_C1 | T23: =$B$9*10^-9 -> 6.8e-09 | U23: F | Y23: 21 | Z23: =10^(LOG($F$3/$F$2,10)*Y23/200) -> 4.2657952 | AA23: =IMPRODUCT(COMPLEX(0,1),2*PI()*Z23) -> 26,802781648779i | AC23: =1/(2*$T$3+$T$6*$T$2/('4. Boost Inductor'!$B$11*$T$3^2)*($T$5)) -> 0.3286572 | AD23: =IMDIV(IMSUM(1,IMDIV(AA23,$W$3)),IMSUM(1,IMDIV(AA23,$W$5))) -> 0,998495545378574-0,0386610735940286i | AE23: =IMDIV(IMSUM(1,IMDIV(IMPRODUCT(-1,AA23),$W$4)),IMSUM(1,IMDIV(AA23,$W$1*$W$2),IMDIV(IMPOWER(AA23,2),$W$1^2))) -> 0,999999998158117-0,0000597796787514396i | AF23: =IMPRODUCT(AB$2,AC23,AD23,AE23) -> 72,1956379224985-2,79968868503794i | AG23: =IMABS(AF23) -> 72.249902 | AH23: =IMARGUMENT(AF23) -> -0.038759773 | AI23: =AH23/(PI())*180 -> -2.2207714 | AJ23: =20*LOG(AG23,10) -> 37.176745 | AL23: =IMDIV(IMSUM(1,IMDIV(AA23,wz1e)),IMSUM(1,IMDIV(AA23,wp1e))) -> 0,768583721365537-0,416987071382457i | AM23: =IMDIV(IMSUM(1,IMDIV(AA23,wz2e)),IMSUM(1,IMDIV(AA23,wp2e))) -> 0,999998132125062-0,00136004474594296i | AN23: =IMPRODUCT($AK$2,AL23,AM23) -> -298,702091726989+162,583916694953i | AO23: =IMABS(AN23) -> 340.08303 | AP23: =IMARGUMENT(AN23) -> 2.6431352 | AQ23: =AP23/(PI())*180 -> 151.44049 | AR23: =20*LOG(AO23,10) -> 50.631699 | AS23: =AR23+AJ23 -> 87.808445 | AT23: =AQ23+AI23 -> 149.21972
S24: comp_C2 | T24: =$B$10*10^-9 -> 1e-09 | U24: F | Y24: 22 | Z24: =10^(LOG($F$3/$F$2,10)*Y24/200) -> 4.5708819 | AA24: =IMPRODUCT(COMPLEX(0,1),2*PI()*Z24) -> 28,719697970735i | AC24: =1/(2*$T$3+$T$6*$T$2/('4. Boost Inductor'!$B$11*$T$3^2)*($T$5)) -> 0.3286572 | AD24: =IMDIV(IMSUM(1,IMDIV(AA24,$W$3)),IMSUM(1,IMDIV(AA24,$W$5))) -> 0,99827304183222-0,0414168089788699i | AE24: =IMDIV(IMSUM(1,IMDIV(IMPRODUCT(-1,AA24),$W$4)),IMSUM(1,IMDIV(AA24,$W$1*$W$2),IMDIV(IMPOWER(AA24,2),$W$1^2))) -> 0,999999997885235-0,0000640550798341445i | AF24: =IMPRODUCT(AB$2,AC24,AD24,AE24) -> 72,1795251619834-2,99924862032446i | AG24: =IMABS(AF24) -> 72.241812 | AH24: =IMARGUMENT(AF24) -> -0.041528733 | AI24: =AH24/(PI())*180 -> -2.3794211 | AJ24: =20*LOG(AG24,10) -> 37.175773 | AL24: =IMDIV(IMSUM(1,IMDIV(AA24,wz1e)),IMSUM(1,IMDIV(AA24,wp1e))) -> 0,743255313168144-0,431747816011978i | AM24: =IMDIV(IMSUM(1,IMDIV(AA24,wz2e)),IMSUM(1,IMDIV(AA24,wp2e))) -> 0,999997855393224-0,00145731379402177i | AN24: =IMPRODUCT($AK$2,AL24,AM24) -> -288,826978717669+168,339436693642i | AO24: =IMABS(AN24) -> 334.30404 | AP24: =IMARGUMENT(AN24) -> 2.6138876 | AQ24: =AP24/(PI())*180 -> 149.76473 | AR24: =20*LOG(AO24,10) -> 50.482832 | AS24: =AR24+AJ24 -> 87.658605 | AT24: =AQ24+AI24 -> 147.38531
Y25: 23 | Z25: =10^(LOG($F$3/$F$2,10)*Y25/200) -> 4.8977882 | AA25: =IMPRODUCT(COMPLEX(0,1),2*PI()*Z25) -> 30,7737108162359i | AC25: =1/(2*$T$3+$T$6*$T$2/('4. Boost Inductor'!$B$11*$T$3^2)*($T$5)) -> 0.3286572 | AD25: =IMDIV(IMSUM(1,IMDIV(AA25,$W$3)),IMSUM(1,IMDIV(AA25,$W$5))) -> 0,998017696453346-0,0443675017603439i | AE25: =IMDIV(IMSUM(1,IMDIV(IMPRODUCT(-1,AA25),$W$4)),IMSUM(1,IMDIV(AA25,$W$1*$W$2),IMDIV(IMPOWER(AA25,2),$W$1^2))) -> 0,999999997571925-0,0000686362546298414i | AF25: =IMPRODUCT(AB$2,AC25,AD25,AE25) -> 72,1610341356341-3,21292663401563i | AG25: =IMABS(AF25) -> 72.232526 | AH25: =IMARGUMENT(AF25) -> -0.044495011 | AI25: =AH25/(PI())*180 -> -2.5493764 | AJ25: =20*LOG(AG25,10) -> 37.174656 | AL25: =IMDIV(IMSUM(1,IMDIV(AA25,wz1e)),IMSUM(1,IMDIV(AA25,wp1e))) -> 0,716201802940952-0,445387799830764i | AM25: =IMDIV(IMSUM(1,IMDIV(AA25,wz2e)),IMSUM(1,IMDIV(AA25,wp2e))) -> 0,999997537662754-0,00156153936306524i | AN25: =IMPRODUCT($AK$2,AL25,AM25) -> -278,279277814584+173,658031286476i | AO25: =IMABS(AN25) -> 328.01901 | AP25: =IMARGUMENT(AN25) -> 2.5836823 | AQ25: =AP25/(PI())*180 -> 148.03409 | AR25: =20*LOG(AO25,10) -> 50.31798 | AS25: =AR25+AJ25 -> 87.492636 | AT25: =AQ25+AI25 -> 145.48472
Y26: 24 | Z26: =10^(LOG($F$3/$F$2,10)*Y26/200) -> 5.2480746 | AA26: =IMPRODUCT(COMPLEX(0,1),2*PI()*Z26) -> 32,974625233396i | AC26: =1/(2*$T$3+$T$6*$T$2/('4. Boost Inductor'!$B$11*$T$3^2)*($T$5)) -> 0.3286572 | AD26: =IMDIV(IMSUM(1,IMDIV(AA26,$W$3)),IMSUM(1,IMDIV(AA26,$W$5))) -> 0,99772468258522-0,047526606738853i | AE26: =IMDIV(IMSUM(1,IMDIV(IMPRODUCT(-1,AA26),$W$4)),IMSUM(1,IMDIV(AA26,$W$1*$W$2),IMDIV(IMPOWER(AA26,2),$W$1^2))) -> 0,999999997212197-0,0000735450718615696i | AF26: =IMPRODUCT(AB$2,AC26,AD26,AE26) -> 72,1398153174979-3,44169707217727i | AG26: =IMABS(AF26) -> 72.221868 | AH26: =IMARGUMENT(AF26) -> -0.047672556 | AI26: =AH26/(PI())*180 -> -2.7314363 | AJ26: =20*LOG(AG26,10) -> 37.173374 | AL26: =IMDIV(IMSUM(1,IMDIV(AA26,wz1e)),IMSUM(1,IMDIV(AA26,wp1e))) -> 0,687524512653779-0,45766177278482i | AM26: =IMDIV(IMSUM(1,IMDIV(AA26,wz2e)),IMSUM(1,IMDIV(AA26,wp2e))) -> 0,999997172859615-0,00167321895702626i | AN26: =IMPRODUCT($AK$2,AL26,AM26) -> -267,098492678955+178,444084548656i | AO26: =IMABS(AN26) -> 321.2225 | AP26: =IMARGUMENT(AN26) -> 2.5526098 | AQ26: =AP26/(PI())*180 -> 146.25377 | AR26: =20*LOG(AO26,10) -> 50.136119 | AS26: =AR26+AJ26 -> 87.309494 | AT26: =AQ26+AI26 -> 143.52233
Y27: 25 | Z27: =10^(LOG($F$3/$F$2,10)*Y27/200) -> 5.6234133 | AA27: =IMPRODUCT(COMPLEX(0,1),2*PI()*Z27) -> 35,332947520559i | AC27: =1/(2*$T$3+$T$6*$T$2/('4. Boost Inductor'!$B$11*$T$3^2)*($T$5)) -> 0.3286572 | AD27: =IMDIV(IMSUM(1,IMDIV(AA27,$W$3)),IMSUM(1,IMDIV(AA27,$W$5))) -> 0,997388470825654-0,0509084294536558i | AE27: =IMDIV(IMSUM(1,IMDIV(IMPRODUCT(-1,AA27),$W$4)),IMSUM(1,IMDIV(AA27,$W$1*$W$2),IMDIV(IMPOWER(AA27,2),$W$1^2))) -> 0,999999996799174-0,0000788049642881392i | AF27: =IMPRODUCT(AB$2,AC27,AD27,AE27) -> 72,115468291785-3,68659588824015i | AG27: =IMABS(AF27) -> 72.209638 | AH27: =IMARGUMENT(AF27) -> -0.051076275 | AI27: =AH27/(PI())*180 -> -2.926455 | AJ27: =20*LOG(AG27,10) -> 37.171903 | AL27: =IMDIV(IMSUM(1,IMDIV(AA27,wz1e)),IMSUM(1,IMDIV(AA27,wp1e))) -> 0,65736988178594-0,468332417827573i | AM27: =IMDIV(IMSUM(1,IMDIV(AA27,wz2e)),IMSUM(1,IMDIV(AA27,wp2e))) -> 0,999996754009901-0,00179288565602264i | AN27: =IMPRODUCT($AK$2,AL27,AM27) -> -255,341717509031+182,605073703252i | AO27: =IMABS(AN27) -> 313.9172 | AP27: =IMARGUMENT(AN27) -> 2.5207777 | AQ27: =AP27/(PI())*180 -> 144.42992 | AR27: =20*LOG(AO27,10) -> 49.936302 | AS27: =AR27+AJ27 -> 87.108205 | AT27: =AQ27+AI27 -> 141.50347
Y28: 26 | Z28: =10^(LOG($F$3/$F$2,10)*Y28/200) -> 6.0255959 | AA28: =IMPRODUCT(COMPLEX(0,1),2*PI()*Z28) -> 37,8599353792262i | AC28: =1/(2*$T$3+$T$6*$T$2/('4. Boost Inductor'!$B$11*$T$3^2)*($T$5)) -> 0.3286572 | AD28: =IMDIV(IMSUM(1,IMDIV(AA28,$W$3)),IMSUM(1,IMDIV(AA28,$W$5))) -> 0,997002728807508-0,0545281617237067i | AE28: =IMDIV(IMSUM(1,IMDIV(IMPRODUCT(-1,AA28),$W$4)),IMSUM(1,IMDIV(AA28,$W$1*$W$2),IMDIV(IMPOWER(AA28,2),$W$1^2))) -> 0,99999999632496-0,0000844410405628542i | AF28: =IMPRODUCT(AB$2,AC28,AD28,AE28) -> 72,0875344953987-3,94872321675052i | AG28: =IMABS(AF28) -> 72.195603 | AH28: =IMARGUMENT(AF28) -> -0.054722095 | AI28: =AH28/(PI())*180 -> -3.1353451 | AJ28: =20*LOG(AG28,10) -> 37.170215 | AL28: =IMDIV(IMSUM(1,IMDIV(AA28,wz1e)),IMSUM(1,IMDIV(AA28,wp1e))) -> 0,625929206653589-0,477180277274432i | AM28: =IMDIV(IMSUM(1,IMDIV(AA28,wz2e)),IMSUM(1,IMDIV(AA28,wp2e))) -> 0,999996273106523-0,00192111065957461i | AN28: =IMPRODUCT($AK$2,AL28,AM28) -> -243,083535407525+186,055439251018i | AO28: =IMABS(AN28) -> 306.11474 | AP28: =IMARGUMENT(AN28) -> 2.48831 | AQ28: =AP28/(PI())*180 -> 142.56966 | AR28: =20*LOG(AO28,10) -> 49.717685 | AS28: =AR28+AJ28 -> 86.8879 | AT28: =AQ28+AI28 -> 139.43432
Y29: 27 | Z29: =10^(LOG($F$3/$F$2,10)*Y29/200) -> 6.4565423 | AA29: =IMPRODUCT(COMPLEX(0,1),2*PI()*Z29) -> 40,5676516538891i | AC29: =1/(2*$T$3+$T$6*$T$2/('4. Boost Inductor'!$B$11*$T$3^2)*($T$5)) -> 0.3286572 | AD29: =IMDIV(IMSUM(1,IMDIV(AA29,$W$3)),IMSUM(1,IMDIV(AA29,$W$5))) -> 0,996560207354094-0,0584019140593364i | AE29: =IMDIV(IMSUM(1,IMDIV(IMPRODUCT(-1,AA29),$W$4)),IMSUM(1,IMDIV(AA29,$W$1*$W$2),IMDIV(IMPOWER(AA29,2),$W$1^2))) -> 0,999999995780489-0,0000904802050922948i | AF29: =IMPRODUCT(AB$2,AC29,AD29,AE29) -> 72,0554889737941-4,22924572052249i | AG29: =IMABS(AF29) -> 72.179499 | AH29: =IMARGUMENT(AF29) -> -0.058627027 | AI29: =AH29/(PI())*180 -> -3.3590812 | AJ29: =20*LOG(AG29,10) -> 37.168277 | AL29: =IMDIV(IMSUM(1,IMDIV(AA29,wz1e)),IMSUM(1,IMDIV(AA29,wp1e))) -> 0,593435782475674-0,48401390379439i | AM29: =IMDIV(IMSUM(1,IMDIV(AA29,wz2e)),IMSUM(1,IMDIV(AA29,wp2e))) -> 0,999995720956143-0,0020585060114696i | AN29: =IMPRODUCT($AK$2,AL29,AM29) -> -230,414904121332+188,720542683366i | AO29: =IMABS(AN29) -> 297.83632 | AP29: =IMARGUMENT(AN29) -> 2.4553454 | AQ29: =AP29/(PI())*180 -> 140.68093 | AR29: =20*LOG(AO29,10) -> 49.479553 | AS29: =AR29+AJ29 -> 86.64783 | AT29: =AQ29+AI29 -> 137.32184
Y30: 28 | Z30: =10^(LOG($F$3/$F$2,10)*Y30/200) -> 6.9183097 | AA30: =IMPRODUCT(COMPLEX(0,1),2*PI()*Z30) -> 43,4690219152965i | AC30: =1/(2*$T$3+$T$6*$T$2/('4. Boost Inductor'!$B$11*$T$3^2)*($T$5)) -> 0.3286572 | AD30: =IMDIV(IMSUM(1,IMDIV(AA30,$W$3)),IMSUM(1,IMDIV(AA30,$W$5))) -> 0,996052611371479-0,0625467434784138i | AE30: =IMDIV(IMSUM(1,IMDIV(IMPRODUCT(-1,AA30),$W$4)),IMSUM(1,IMDIV(AA30,$W$1*$W$2),IMDIV(IMPOWER(AA30,2),$W$1^2))) -> 0,999999995155354-0,0000969512864673041i | AF30: =IMPRODUCT(AB$2,AC30,AD30,AE30) -> 72,0187310315479-4,52939860500532i | AG30: =IMABS(AF30) -> 72.161022 | AH30: =IMARGUMENT(AF30) -> -0.062809228 | AI30: =AH30/(PI())*180 -> -3.5987037 | AJ30: =20*LOG(AG30,10) -> 37.166053 | AL30: =IMDIV(IMSUM(1,IMDIV(AA30,wz1e)),IMSUM(1,IMDIV(AA30,wp1e))) -> 0,560159326490647-0,488679445007145i | AM30: =IMDIV(IMSUM(1,IMDIV(AA30,wz2e)),IMSUM(1,IMDIV(AA30,wp2e))) -> 0,999995087003444-0,00220572751918286i | AN30: =IMPRODUCT($AK$2,AL30,AM30) -> -217,440981709481+190,540403368979i | AO30: =IMABS(AN30) -> 289.11283 | AP30: =IMARGUMENT(AN30) -> 2.422035 | AQ30: =AP30/(PI())*180 -> 138.77238 | AR30: =20*LOG(AO30,10) -> 49.221347 | AS30: =AR30+AJ30 -> 86.387401 | AT30: =AQ30+AI30 -> 135.17368
Y31: 29 | Z31: =10^(LOG($F$3/$F$2,10)*Y31/200) -> 7.4131024 | AA31: =IMPRODUCT(COMPLEX(0,1),2*PI()*Z31) -> 46,5778961620368i | AC31: =1/(2*$T$3+$T$6*$T$2/('4. Boost Inductor'!$B$11*$T$3^2)*($T$5)) -> 0.3286572 | AD31: =IMDIV(IMSUM(1,IMDIV(AA31,$W$3)),IMSUM(1,IMDIV(AA31,$W$5))) -> 0,995470453713853-0,066980674895207i | AE31: =IMDIV(IMSUM(1,IMDIV(IMPRODUCT(-1,AA31),$W$4)),IMSUM(1,IMDIV(AA31,$W$1*$W$2),IMDIV(IMPOWER(AA31,2),$W$1^2))) -> 0,999999994437602-0,000103885175079264i | AF31: =IMPRODUCT(AB$2,AC31,AD31,AE31) -> 71,9765736499091-4,85048716721553i | AG31: =IMABS(AF31) -> 72.139825 | AH31: =IMARGUMENT(AF31) -> -0.067288066 | AI31: =AH31/(PI())*180 -> -3.8553222 | AJ31: =20*LOG(AG31,10) -> 37.163502 | AL31: =IMDIV(IMSUM(1,IMDIV(AA31,wz1e)),IMSUM(1,IMDIV(AA31,wp1e))) -> 0,526397837631293-0,491068821393699i | AM31: =IMDIV(IMSUM(1,IMDIV(AA31,wz2e)),IMSUM(1,IMDIV(AA31,wp2e))) -> 0,999994359129358-0,00236347788169415i | AN31: =IMPRODUCT($AK$2,AL31,AM31) -> -204,277952768986+191,472886998705i | AO31: =IMABS(AN31) -> 279.98455 | AP31: =IMARGUMENT(AN31) -> 2.3885396 | AQ31: =AP31/(PI())*180 -> 136.85324 | AR31: =20*LOG(AO31,10) -> 48.942681 | AS31: =AR31+AJ31 -> 86.106183 | AT31: =AQ31+AI31 -> 132.99792
Y32: 30 | Z32: =10^(LOG($F$3/$F$2,10)*Y32/200) -> 7.9432823 | AA32: =IMPRODUCT(COMPLEX(0,1),2*PI()*Z32) -> 49,909114934975i | AC32: =1/(2*$T$3+$T$6*$T$2/('4. Boost Inductor'!$B$11*$T$3^2)*($T$5)) -> 0.3286572 | AD32: =IMDIV(IMSUM(1,IMDIV(AA32,$W$3)),IMSUM(1,IMDIV(AA32,$W$5))) -> 0,994802890148631-0,0717227138088204i | AE32: =IMDIV(IMSUM(1,IMDIV(IMPRODUCT(-1,AA32),$W$4)),IMSUM(1,IMDIV(AA32,$W$1*$W$2),IMDIV(IMPOWER(AA32,2),$W$1^2))) -> 0,999999993613513-0,000111314970578578i | AF32: =IMPRODUCT(AB$2,AC32,AD32,AE32) -> 71,9282315356748-5,1938877146244i | AG32: =IMABS(AF32) -> 72.115511 | AH32: =IMARGUMENT(AF32) -> -0.072084193 | AI32: =AH32/(PI())*180 -> -4.1301201 | AJ32: =20*LOG(AG32,10) -> 37.160574 | AL32: =IMDIV(IMSUM(1,IMDIV(AA32,wz1e)),IMSUM(1,IMDIV(AA32,wp1e))) -> 0,492467342646721-0,491125718031938i | AM32: =IMDIV(IMSUM(1,IMDIV(AA32,wz2e)),IMSUM(1,IMDIV(AA32,wp2e))) -> 0,99999352341941-0,00253251004051273i | AN32: =IMPRODUCT($AK$2,AL32,AM32) -> -191,049030622549+191,49604167963i | AO32: =IMABS(AN32) -> 270.5004 | AP32: =IMARGUMENT(AN32) -> 2.355026 | AQ32: =AP32/(PI())*180 -> 134.93305 | AR32: =20*LOG(AO32,10) -> 48.643358 | AS32: =AR32+AJ32 -> 85.803932 | AT32: =AQ32+AI32 -> 130.80293
Y33: 31 | Z33: =10^(LOG($F$3/$F$2,10)*Y33/200) -> 8.5113804 | AA33: =IMPRODUCT(COMPLEX(0,1),2*PI()*Z33) -> 53,4785801601483i | AC33: =1/(2*$T$3+$T$6*$T$2/('4. Boost Inductor'!$B$11*$T$3^2)*($T$5)) -> 0.3286572 | AD33: =IMDIV(IMSUM(1,IMDIV(AA33,$W$3)),IMSUM(1,IMDIV(AA33,$W$5))) -> 0,994037533467277-0,0767928474879425i | AE33: =IMDIV(IMSUM(1,IMDIV(IMPRODUCT(-1,AA33),$W$4)),IMSUM(1,IMDIV(AA33,$W$1*$W$2),IMDIV(IMPOWER(AA33,2),$W$1^2))) -> 0,999999992667332-0,000119276139879275i | AF33: =IMPRODUCT(AB$2,AC33,AD33,AE33) -> 71,8728076598855-5,5610476510004i | AG33: =IMABS(AF33) -> 72.087625 | AH33: =IMARGUMENT(AF33) -> -0.077219607 | AI33: =AH33/(PI())*180 -> -4.4243576 | AJ33: =20*LOG(AG33,10) -> 37.157214 | AL33: =IMDIV(IMSUM(1,IMDIV(AA33,wz1e)),IMSUM(1,IMDIV(AA33,wp1e))) -> 0,458690241440544-0,488848785935968i | AM33: =IMDIV(IMSUM(1,IMDIV(AA33,wz2e)),IMSUM(1,IMDIV(AA33,wp2e))) -> 0,999992563897745-0,00271363076976152i | AN33: =IMPRODUCT($AK$2,AL33,AM33) -> -177,879913364526+190,609346102953i | AO33: =IMABS(AN33) -> 260.71668 | AP33: =IMARGUMENT(AN33) -> 2.3216633 | AQ33: =AP33/(PI())*180 -> 133.02151 | AR33: =20*LOG(AO33,10) -> 48.323376 | AS33: =AR33+AJ33 -> 85.480591 | AT33: =AQ33+AI33 -> 128.59715
Y34: 32 | Z34: =10^(LOG($F$3/$F$2,10)*Y34/200) -> 9.1201084 | AA34: =IMPRODUCT(COMPLEX(0,1),2*PI()*Z34) -> 57,3033310582957i | AC34: =1/(2*$T$3+$T$6*$T$2/('4. Boost Inductor'!$B$11*$T$3^2)*($T$5)) -> 0.3286572 | AD34: =IMDIV(IMSUM(1,IMDIV(AA34,$W$3)),IMSUM(1,IMDIV(AA34,$W$5))) -> 0,993160244753044-0,0822120312157279i | AE34: =IMDIV(IMSUM(1,IMDIV(IMPRODUCT(-1,AA34),$W$4)),IMSUM(1,IMDIV(AA34,$W$1*$W$2),IMDIV(IMPOWER(AA34,2),$W$1^2))) -> 0,999999991580969-0,000127806686463967i | AF34: =IMPRODUCT(AB$2,AC34,AD34,AE34) -> 71,8092781423233-5,95348448037353i | AG34: =IMABS(AF34) -> 72.055648 | AH34: =IMARGUMENT(AF34) -> -0.082717722 | AI34: =AH34/(PI())*180 -> -4.7393764 | AJ34: =20*LOG(AG34,10) -> 37.153361 | AL34: =IMDIV(IMSUM(1,IMDIV(AA34,wz1e)),IMSUM(1,IMDIV(AA34,wp1e))) -> 0,425383147515317-0,484291719402907i | AM34: =IMDIV(IMSUM(1,IMDIV(AA34,wz2e)),IMSUM(1,IMDIV(AA34,wp2e))) -> 0,999991462221765-0,00290770452227847i | AN34: =IMPRODUCT($AK$2,AL34,AM34) -> -164,894043057259+188,833739722275i | AO34: =IMABS(AN34) -> 250.69549 | AP34: =IMARGUMENT(AN34) -> 2.2886192 | AQ34: =AP34/(PI())*180 -> 131.12822 | AR34: =20*LOG(AO34,10) -> 47.98293 | AS34: =AR34+AJ34 -> 85.136291 | AT34: =AQ34+AI34 -> 126.38885
Y35: 33 | Z35: =10^(LOG($F$3/$F$2,10)*Y35/200) -> 9.7723722 | AA35: =IMPRODUCT(COMPLEX(0,1),2*PI()*Z35) -> 61,4016254833856i | AC35: =1/(2*$T$3+$T$6*$T$2/('4. Boost Inductor'!$B$11*$T$3^2)*($T$5)) -> 0.3286572 | AD35: =IMDIV(IMSUM(1,IMDIV(AA35,$W$3)),IMSUM(1,IMDIV(AA35,$W$5))) -> 0,992154899850577-0,0880021554082896i | AE35: =IMDIV(IMSUM(1,IMDIV(IMPRODUCT(-1,AA35),$W$4)),IMSUM(1,IMDIV(AA35,$W$1*$W$2),IMDIV(IMPOWER(AA35,2),$W$1^2))) -> 0,99999999033366-0,000136947331797368i | AF35: =IMPRODUCT(AB$2,AC35,AD35,AE35) -> 71,7364753402335-6,37278342595161i | AG35: =IMABS(AF35) -> 72.018985 | AH35: =IMARGUMENT(AF35) -> -0.088603434 | AI35: =AH35/(PI())*180 -> -5.0766028 | AJ35: =20*LOG(AG35,10) -> 37.14894 | AL35: =IMDIV(IMSUM(1,IMDIV(AA35,wz1e)),IMSUM(1,IMDIV(AA35,wp1e))) -> 0,392845187036509-0,477560201217313i | AM35: =IMDIV(IMSUM(1,IMDIV(AA35,wz2e)),IMSUM(1,IMDIV(AA35,wp2e))) -> 0,999990197331521-0,0031156575498746i | AN35: =IMPRODUCT($AK$2,AL35,AM35) -> -152,208043735032+186,210431764954i | AO35: =IMABS(AN35) -> 240.50283 | AP35: =IMARGUMENT(AN35) -> 2.2560562 | AQ35: =AP35/(PI())*180 -> 129.2625 | AR35: =20*LOG(AO35,10) -> 47.622404 | AS35: =AR35+AJ35 -> 84.771344 | AT35: =AQ35+AI35 -> 124.18589
Y36: 34 | Z36: =10^(LOG($F$3/$F$2,10)*Y36/200) -> 10.471285 | AA36: =IMPRODUCT(COMPLEX(0,1),2*PI()*Z36) -> 65,793027078417i | AC36: =1/(2*$T$3+$T$6*$T$2/('4. Boost Inductor'!$B$11*$T$3^2)*($T$5)) -> 0.3286572 | AD36: =IMDIV(IMSUM(1,IMDIV(AA36,$W$3)),IMSUM(1,IMDIV(AA36,$W$5))) -> 0,991003129214818-0,0941859885379638i | AE36: =IMDIV(IMSUM(1,IMDIV(IMPRODUCT(-1,AA36),$W$4)),IMSUM(1,IMDIV(AA36,$W$1*$W$2),IMDIV(IMPOWER(AA36,2),$W$1^2))) -> 0,999999988901557-0,000146741709714352i | AF36: =IMPRODUCT(AB$2,AC36,AD36,AE36) -> 71,6530690092885-6,82059329692487i | AG36: =IMABS(AF36) -> 71.97696 | AH36: =IMARGUMENT(AF36) -> -0.094903181 | AI36: =AH36/(PI())*180 -> -5.4375517 | AJ36: =20*LOG(AG36,10) -> 37.14387 | AL36: =IMDIV(IMSUM(1,IMDIV(AA36,wz1e)),IMSUM(1,IMDIV(AA36,wp1e))) -> 0,361347658568998-0,468806034367439i | AM36: =IMDIV(IMSUM(1,IMDIV(AA36,wz2e)),IMSUM(1,IMDIV(AA36,wp2e))) -> 0,999988745047192-0,00333848231714536i | AN36: =IMPRODUCT($AK$2,AL36,AM36) -> -139,927689910576+182,798613314408i | AO36: =IMABS(AN36) -> 230.20663 | AP36: =IMARGUMENT(AN36) -> 2.2241278 | AQ36: =AP36/(PI())*180 -> 127.43314 | AR36: =20*LOG(AO36,10) -> 47.242356 | AS36: =AR36+AJ36 -> 84.386226 | AT36: =AQ36+AI36 -> 121.99559
... Y202: 200 | Z202: =10^(LOG($F$3/$F$2,10)*Y202/200) -> 1000000 | AA202: =IMPRODUCT(COMPLEX(0,1),2*PI()*Z202) -> 6283185,30717958i | AC202: =1/(2*$T$3+$T$6*$T$2/('4. Boost Inductor'!$B$11*$T$3^2)*($T$5)) -> 0.3286572 | AD202: =IMDIV(IMSUM(1,IMDIV(AA202,$W$3)),IMSUM(1,IMDIV(AA202,$W$5))) -> 0,00499359977821229-0,000109073862236446i | AE202: =IMDIV(IMSUM(1,IMDIV(IMPRODUCT(-1,AA202),$W$4)),IMSUM(1,IMDIV(AA202,$W$1*$W$2),IMDIV(IMPOWER(AA202,2),$W$1^2))) -> -0,921212912207431-0,137095095850497i | AF202: =IMPRODUCT(AB$2,AC202,AD202,AE202) -> -0,333694483103934-0,0422343938843989i | AG202: =IMABS(AF202) -> 0.33635658 | AH202: =IMARGUMENT(AF202) -> -3.015696 | AI202: =AH202/(PI())*180 -> -172.78665 | AJ202: =20*LOG(AG202,10) -> -9.4640013 | AL202: =IMDIV(IMSUM(1,IMDIV(AA202,wz1e)),IMSUM(1,IMDIV(AA202,wp1e))) -> 0,0172181790938409-7,55415338729269E-06i | AM202: =IMDIV(IMSUM(1,IMDIV(AA202,wz2e)),IMSUM(1,IMDIV(AA202,wp2e))) -> 0,00972633821693815-0,00307581797216824i | AN202: =IMPRODUCT($AK$2,AL202,AM202) -> -0,0651245592788342+0,0206261618913957i | AO202: =IMABS(AN202) -> 0.06831286 | AP202: =IMARGUMENT(AN202) -> 2.8348691 | AQ202: =AP202/(PI())*180 -> 162.42603 | AR202: =20*LOG(AO202,10) -> -23.309951 | AS202: =AR202+AJ202 -> -32.773952 | AT202: =AQ202+AI202 -> -10.360618

Sheet Design Information

Sheet Calculations
B1: Min | C1: Nom | D1: Max
A2: D | B2: =1-Vin_max/Vout -> -1.9090909 | C2: =1-Vin_nominal/Vout -> -0.090909091 | D2: =1-Vin_min/Vout -> 0.27272727
A3: Tsw | C3: =1/('2. Design Parameters'!C6*1000) -> 5e-07
